{"cameraMode":{"drawMode":0,"name":"Shaded","section":"Shading Mode"},"sceneLighting":false,"audioPlay":false,"sceneViewState":{"m_AlwaysRefresh":false,"showFog":true,"showSkybox":false,"showFlares":true,"showImageEffects":true,"showParticleSystems":true,"showVisualEffectGraphs":true,"m_FxEnabled":true},"in2DMode":false,"pivot":{"x":0.10000000894069672,"y":1.2000000476837159,"z":0.10000000894069672},"rotation":{"x":-0.13681146502494813,"y":0.8403035998344421,"z":-0.24923820793628694,"w":-0.4614826440811157},"size":1.2315752506256104,"orthographic":true}